key,name,type,year,style,subject,prompt,file
letter,Letter to the Editor,Starter,1796,woodcut,"a country gentleman in a tricorne hat at a writing desk by candlelight, quill in hand, sealing a letter addressed to the printer","Early American newspaper woodcut, c. 1796. A crude hand-cut woodblock print: bold solid black masses, white-line cutting, coarse parallel gouge marks for sky, water and ground, flat naive perspective, uneven ink and press grain, black ink on cream rag paper, a heavy double-rule border, like a cut from a colonial broadside or almanac. Subject: a country gentleman in a tricorne hat at a writing desk by candlelight, quill in hand, sealing a letter addressed to the printer. Monochrome black ink on cream paper, no color, no hand-coloring. No lettering, captions, signatures or watermarks. Landscape 4:3 composition with the subject centered and readable at small size.",letter.png
notice,Local Notice,Starter,1796,woodcut,"a small-town village green with a church steeple, a stray cow and a notice board where a man tacks up a handbill","Early American newspaper woodcut, c. 1796. A crude hand-cut woodblock print: bold solid black masses, white-line cutting, coarse parallel gouge marks for sky, water and ground, flat naive perspective, uneven ink and press grain, black ink on cream rag paper, a heavy double-rule border, like a cut from a colonial broadside or almanac. Subject: a small-town village green with a church steeple, a stray cow and a notice board where a man tacks up a handbill. Monochrome black ink on cream paper, no color, no hand-coloring. No lettering, captions, signatures or watermarks. Landscape 4:3 composition with the subject centered and readable at small size.",notice.png
editorial,Editorial,Editorial,1796,woodcut,"an editor in shirtsleeves at a cluttered desk in a print shop, a hand press behind him, writing with fierce concentration","Early American newspaper woodcut, c. 1796. A crude hand-cut woodblock print: bold solid black masses, white-line cutting, coarse parallel gouge marks for sky, water and ground, flat naive perspective, uneven ink and press grain, black ink on cream rag paper, a heavy double-rule border, like a cut from a colonial broadside or almanac. Subject: an editor in shirtsleeves at a cluttered desk in a print shop, a hand press behind him, writing with fierce concentration. Monochrome black ink on cream paper, no color, no hand-coloring. No lettering, captions, signatures or watermarks. Landscape 4:3 composition with the subject centered and readable at small size.",editorial.png
scandal,Scandal,Scandal,1796,woodcut,"a crowd of townspeople whispering behind their hands around a freshly posted broadside, one man pointing accusingly","Early American newspaper woodcut, c. 1796. A crude hand-cut woodblock print: bold solid black masses, white-line cutting, coarse parallel gouge marks for sky, water and ground, flat naive perspective, uneven ink and press grain, black ink on cream rag paper, a heavy double-rule border, like a cut from a colonial broadside or almanac. Subject: a crowd of townspeople whispering behind their hands around a freshly posted broadside, one man pointing accusingly. Monochrome black ink on cream paper, no color, no hand-coloring. No lettering, captions, signatures or watermarks. Landscape 4:3 composition with the subject centered and readable at small size.",scandal.png
stamp_act,The Stamp Act,Negative story,1765,woodcut,"a crowd burning a heap of stamped paper in a town square at night, a printer holding up a newspaper bordered in black like a tombstone","Early American newspaper woodcut, c. 1765. A crude hand-cut woodblock print: bold solid black masses, white-line cutting, coarse parallel gouge marks for sky, water and ground, flat naive perspective, uneven ink and press grain, black ink on cream rag paper, a heavy double-rule border, like a cut from a colonial broadside or almanac. Subject: a crowd burning a heap of stamped paper in a town square at night, a printer holding up a newspaper bordered in black like a tombstone. Monochrome black ink on cream paper, no color, no hand-coloring. No lettering, captions, signatures or watermarks. Landscape 4:3 composition with the subject centered and readable at small size.",stamp_act.png
boston_massacre,The Boston Massacre,Negative story,1770,woodcut,"British redcoats in a line firing into a crowd of colonists on a snowy Boston street, smoke from the muskets, a brick State House behind","Early American newspaper woodcut, c. 1770. A crude hand-cut woodblock print: bold solid black masses, white-line cutting, coarse parallel gouge marks for sky, water and ground, flat naive perspective, uneven ink and press grain, black ink on cream rag paper, a heavy double-rule border, like a cut from a colonial broadside or almanac. Subject: British redcoats in a line firing into a crowd of colonists on a snowy Boston street, smoke from the muskets, a brick State House behind. Monochrome black ink on cream paper, no color, no hand-coloring. No lettering, captions, signatures or watermarks. Landscape 4:3 composition with the subject centered and readable at small size.",boston_massacre.png
tea_party,The Boston Tea Party,Economic story,1773,woodcut,"men disguised in blankets on a merchant ship at night dumping chests of tea into Boston harbor, a crowd watching from the wharf","Early American newspaper woodcut, c. 1773. A crude hand-cut woodblock print: bold solid black masses, white-line cutting, coarse parallel gouge marks for sky, water and ground, flat naive perspective, uneven ink and press grain, black ink on cream rag paper, a heavy double-rule border, like a cut from a colonial broadside or almanac. Subject: men disguised in blankets on a merchant ship at night dumping chests of tea into Boston harbor, a crowd watching from the wharf. Monochrome black ink on cream paper, no color, no hand-coloring. No lettering, captions, signatures or watermarks. Landscape 4:3 composition with the subject centered and readable at small size.",tea_party.png
common_sense,Common Sense,Social story,1776,woodcut,"a colonist reading a small pamphlet aloud to a rapt group in a tavern, a printer stacking more copies on the counter","Early American newspaper woodcut, c. 1776. A crude hand-cut woodblock print: bold solid black masses, white-line cutting, coarse parallel gouge marks for sky, water and ground, flat naive perspective, uneven ink and press grain, black ink on cream rag paper, a heavy double-rule border, like a cut from a colonial broadside or almanac. Subject: a colonist reading a small pamphlet aloud to a rapt group in a tavern, a printer stacking more copies on the counter. Monochrome black ink on cream paper, no color, no hand-coloring. No lettering, captions, signatures or watermarks. Landscape 4:3 composition with the subject centered and readable at small size.",common_sense.png
declaration,The Declaration of Independence,Political story,1776,woodcut,"a man reading a large broadside aloud from courthouse steps to a crowd raising their hats, a flag on a pole","Early American newspaper woodcut, c. 1776. A crude hand-cut woodblock print: bold solid black masses, white-line cutting, coarse parallel gouge marks for sky, water and ground, flat naive perspective, uneven ink and press grain, black ink on cream rag paper, a heavy double-rule border, like a cut from a colonial broadside or almanac. Subject: a man reading a large broadside aloud from courthouse steps to a crowd raising their hats, a flag on a pole. Monochrome black ink on cream paper, no color, no hand-coloring. No lettering, captions, signatures or watermarks. Landscape 4:3 composition with the subject centered and readable at small size.",declaration.png
saratoga,Saratoga,Political story,1777,woodcut,a British general handing over his sword to an American general before ranks of soldiers in a wooded clearing,"Early American newspaper woodcut, c. 1777. A crude hand-cut woodblock print: bold solid black masses, white-line cutting, coarse parallel gouge marks for sky, water and ground, flat naive perspective, uneven ink and press grain, black ink on cream rag paper, a heavy double-rule border, like a cut from a colonial broadside or almanac. Subject: a British general handing over his sword to an American general before ranks of soldiers in a wooded clearing. Monochrome black ink on cream paper, no color, no hand-coloring. No lettering, captions, signatures or watermarks. Landscape 4:3 composition with the subject centered and readable at small size.",saratoga.png
valley_forge,Valley Forge,Social story,1777,woodcut,"ragged Continental soldiers huddled around a campfire in deep snow beside log huts, a general on horseback watching","Early American newspaper woodcut, c. 1777. A crude hand-cut woodblock print: bold solid black masses, white-line cutting, coarse parallel gouge marks for sky, water and ground, flat naive perspective, uneven ink and press grain, black ink on cream rag paper, a heavy double-rule border, like a cut from a colonial broadside or almanac. Subject: ragged Continental soldiers huddled around a campfire in deep snow beside log huts, a general on horseback watching. Monochrome black ink on cream paper, no color, no hand-coloring. No lettering, captions, signatures or watermarks. Landscape 4:3 composition with the subject centered and readable at small size.",valley_forge.png
articles_confederation,The Articles of Confederation,Political story,1781,woodcut,"thirteen delegates seated at a long table, each with his own state's flag, no one at the head of the table","Early American newspaper woodcut, c. 1781. A crude hand-cut woodblock print: bold solid black masses, white-line cutting, coarse parallel gouge marks for sky, water and ground, flat naive perspective, uneven ink and press grain, black ink on cream rag paper, a heavy double-rule border, like a cut from a colonial broadside or almanac. Subject: thirteen delegates seated at a long table, each with his own state's flag, no one at the head of the table. Monochrome black ink on cream paper, no color, no hand-coloring. No lettering, captions, signatures or watermarks. Landscape 4:3 composition with the subject centered and readable at small size.",articles_confederation.png
newburgh,The Newburgh Conspiracy,Negative story,1783,woodcut,"George Washington putting on his spectacles to read a letter to a hall of officers, the officers moved and silent","Early American newspaper woodcut, c. 1783. A crude hand-cut woodblock print: bold solid black masses, white-line cutting, coarse parallel gouge marks for sky, water and ground, flat naive perspective, uneven ink and press grain, black ink on cream rag paper, a heavy double-rule border, like a cut from a colonial broadside or almanac. Subject: George Washington putting on his spectacles to read a letter to a hall of officers, the officers moved and silent. Monochrome black ink on cream paper, no color, no hand-coloring. No lettering, captions, signatures or watermarks. Landscape 4:3 composition with the subject centered and readable at small size.",newburgh.png
treaty_of_paris,The Treaty of Paris,Economic story,1783,woodcut,"diplomats in powdered wigs signing a treaty at a table in a Paris salon, a map of North America on the wall","Early American newspaper woodcut, c. 1783. A crude hand-cut woodblock print: bold solid black masses, white-line cutting, coarse parallel gouge marks for sky, water and ground, flat naive perspective, uneven ink and press grain, black ink on cream rag paper, a heavy double-rule border, like a cut from a colonial broadside or almanac. Subject: diplomats in powdered wigs signing a treaty at a table in a Paris salon, a map of North America on the wall. Monochrome black ink on cream paper, no color, no hand-coloring. No lettering, captions, signatures or watermarks. Landscape 4:3 composition with the subject centered and readable at small size.",treaty_of_paris.png
pennsylvania_packet,The First American Daily,Media event,1784,woodcut,"a busy Philadelphia street at dawn, a newsboy carrying a bundle of fresh daily papers past shop fronts","Early American newspaper woodcut, c. 1784. A crude hand-cut woodblock print: bold solid black masses, white-line cutting, coarse parallel gouge marks for sky, water and ground, flat naive perspective, uneven ink and press grain, black ink on cream rag paper, a heavy double-rule border, like a cut from a colonial broadside or almanac. Subject: a busy Philadelphia street at dawn, a newsboy carrying a bundle of fresh daily papers past shop fronts. Monochrome black ink on cream paper, no color, no hand-coloring. No lettering, captions, signatures or watermarks. Landscape 4:3 composition with the subject centered and readable at small size.",pennsylvania_packet.png
shays_rebellion,Shays' Rebellion,Negative story,1786,woodcut,"armed farmers in rough coats blocking the steps of a county courthouse, a judge turned away at the door","Early American newspaper woodcut, c. 1786. A crude hand-cut woodblock print: bold solid black masses, white-line cutting, coarse parallel gouge marks for sky, water and ground, flat naive perspective, uneven ink and press grain, black ink on cream rag paper, a heavy double-rule border, like a cut from a colonial broadside or almanac. Subject: armed farmers in rough coats blocking the steps of a county courthouse, a judge turned away at the door. Monochrome black ink on cream paper, no color, no hand-coloring. No lettering, captions, signatures or watermarks. Landscape 4:3 composition with the subject centered and readable at small size.",shays_rebellion.png
antifederalist_papers,Brutus and the Federal Farmer,Political story,1787,woodcut,"a stern writer in a Roman toga as 'Brutus' at a desk with a quill, a pile of newspapers and a shadow of a great building looming","Early American newspaper woodcut, c. 1787. A crude hand-cut woodblock print: bold solid black masses, white-line cutting, coarse parallel gouge marks for sky, water and ground, flat naive perspective, uneven ink and press grain, black ink on cream rag paper, a heavy double-rule border, like a cut from a colonial broadside or almanac. Subject: a stern writer in a Roman toga as 'Brutus' at a desk with a quill, a pile of newspapers and a shadow of a great building looming. Monochrome black ink on cream paper, no color, no hand-coloring. No lettering, captions, signatures or watermarks. Landscape 4:3 composition with the subject centered and readable at small size.",antifederalist_papers.png
constitutional_convention,The Constitutional Convention,Political story,1787,woodcut,"delegates in Independence Hall with the windows shut, Washington presiding from a high-backed chair carved with a rising sun","Early American newspaper woodcut, c. 1787. A crude hand-cut woodblock print: bold solid black masses, white-line cutting, coarse parallel gouge marks for sky, water and ground, flat naive perspective, uneven ink and press grain, black ink on cream rag paper, a heavy double-rule border, like a cut from a colonial broadside or almanac. Subject: delegates in Independence Hall with the windows shut, Washington presiding from a high-backed chair carved with a rising sun. Monochrome black ink on cream paper, no color, no hand-coloring. No lettering, captions, signatures or watermarks. Landscape 4:3 composition with the subject centered and readable at small size.",constitutional_convention.png
federalist_papers,The Federalist,Political story,1787,woodcut,"three gentlemen writing at a candlelit table, a stack of New York newspapers and a bust of a Roman orator","Early American newspaper woodcut, c. 1787. A crude hand-cut woodblock print: bold solid black masses, white-line cutting, coarse parallel gouge marks for sky, water and ground, flat naive perspective, uneven ink and press grain, black ink on cream rag paper, a heavy double-rule border, like a cut from a colonial broadside or almanac. Subject: three gentlemen writing at a candlelit table, a stack of New York newspapers and a bust of a Roman orator. Monochrome black ink on cream paper, no color, no hand-coloring. No lettering, captions, signatures or watermarks. Landscape 4:3 composition with the subject centered and readable at small size.",federalist_papers.png
northwest_ordinance,The Northwest Ordinance,Economic story,1787,woodcut,"surveyors with a chain and compass marking square townships in a forest beside the Ohio River, a flatboat on the water","Early American newspaper woodcut, c. 1787. A crude hand-cut woodblock print: bold solid black masses, white-line cutting, coarse parallel gouge marks for sky, water and ground, flat naive perspective, uneven ink and press grain, black ink on cream rag paper, a heavy double-rule border, like a cut from a colonial broadside or almanac. Subject: surveyors with a chain and compass marking square townships in a forest beside the Ohio River, a flatboat on the water. Monochrome black ink on cream paper, no color, no hand-coloring. No lettering, captions, signatures or watermarks. Landscape 4:3 composition with the subject centered and readable at small size.",northwest_ordinance.png
gazette_of_the_us,The Gazette of the United States,Social story,1789,woodcut,"a printer pulling the bar of a wooden hand press in a New York shop, sheets drying on lines overhead","Early American newspaper woodcut, c. 1789. A crude hand-cut woodblock print: bold solid black masses, white-line cutting, coarse parallel gouge marks for sky, water and ground, flat naive perspective, uneven ink and press grain, black ink on cream rag paper, a heavy double-rule border, like a cut from a colonial broadside or almanac. Subject: a printer pulling the bar of a wooden hand press in a New York shop, sheets drying on lines overhead. Monochrome black ink on cream paper, no color, no hand-coloring. No lettering, captions, signatures or watermarks. Landscape 4:3 composition with the subject centered and readable at small size.",gazette_of_the_us.png
judiciary_act,The Judiciary Act,Political story,1789,woodcut,robed judges riding circuit on horseback along a muddy country road toward a small courthouse,"Early American newspaper woodcut, c. 1789. A crude hand-cut woodblock print: bold solid black masses, white-line cutting, coarse parallel gouge marks for sky, water and ground, flat naive perspective, uneven ink and press grain, black ink on cream rag paper, a heavy double-rule border, like a cut from a colonial broadside or almanac. Subject: robed judges riding circuit on horseback along a muddy country road toward a small courthouse. Monochrome black ink on cream paper, no color, no hand-coloring. No lettering, captions, signatures or watermarks. Landscape 4:3 composition with the subject centered and readable at small size.",judiciary_act.png
assumption,The Assumption of State Debts,Economic story,1790,woodcut,speculators in fine coats buying up old war certificates from weary veterans at a tavern table,"Early American newspaper woodcut, c. 1790. A crude hand-cut woodblock print: bold solid black masses, white-line cutting, coarse parallel gouge marks for sky, water and ground, flat naive perspective, uneven ink and press grain, black ink on cream rag paper, a heavy double-rule border, like a cut from a colonial broadside or almanac. Subject: speculators in fine coats buying up old war certificates from weary veterans at a tavern table. Monochrome black ink on cream paper, no color, no hand-coloring. No lettering, captions, signatures or watermarks. Landscape 4:3 composition with the subject centered and readable at small size.",assumption.png
residence_act,The Residence Act,Economic story,1790,woodcut,a surveyor's party on a hill overlooking a wide river and empty wooded land where a capital will be built,"Early American newspaper woodcut, c. 1790. A crude hand-cut woodblock print: bold solid black masses, white-line cutting, coarse parallel gouge marks for sky, water and ground, flat naive perspective, uneven ink and press grain, black ink on cream rag paper, a heavy double-rule border, like a cut from a colonial broadside or almanac. Subject: a surveyor's party on a hill overlooking a wide river and empty wooded land where a capital will be built. Monochrome black ink on cream paper, no color, no hand-coloring. No lettering, captions, signatures or watermarks. Landscape 4:3 composition with the subject centered and readable at small size.",residence_act.png
bank_of_the_us,The Bank of the United States,Economic story,1791,woodcut,"a classical marble bank building with columns on a Philadelphia street, merchants climbing its steps","Early American newspaper woodcut, c. 1791. A crude hand-cut woodblock print: bold solid black masses, white-line cutting, coarse parallel gouge marks for sky, water and ground, flat naive perspective, uneven ink and press grain, black ink on cream rag paper, a heavy double-rule border, like a cut from a colonial broadside or almanac. Subject: a classical marble bank building with columns on a Philadelphia street, merchants climbing its steps. Monochrome black ink on cream paper, no color, no hand-coloring. No lettering, captions, signatures or watermarks. Landscape 4:3 composition with the subject centered and readable at small size.",bank_of_the_us.png
bill_of_rights,The Bill of Rights,Social story,1791,woodcut,"a printing press with a fresh sheet on it, a church, a citizen speaking from a stump and a jury box, arranged as an allegory of liberty","Early American newspaper woodcut, c. 1791. A crude hand-cut woodblock print: bold solid black masses, white-line cutting, coarse parallel gouge marks for sky, water and ground, flat naive perspective, uneven ink and press grain, black ink on cream rag paper, a heavy double-rule border, like a cut from a colonial broadside or almanac. Subject: a printing press with a fresh sheet on it, a church, a citizen speaking from a stump and a jury box, arranged as an allegory of liberty. Monochrome black ink on cream paper, no color, no hand-coloring. No lettering, captions, signatures or watermarks. Landscape 4:3 composition with the subject centered and readable at small size.",bill_of_rights.png
national_gazette,The National Gazette,Social story,1791,woodcut,"a poet-editor at a desk writing sharply, a quill in hand and a French liberty cap on a peg behind him","Early American newspaper woodcut, c. 1791. A crude hand-cut woodblock print: bold solid black masses, white-line cutting, coarse parallel gouge marks for sky, water and ground, flat naive perspective, uneven ink and press grain, black ink on cream rag paper, a heavy double-rule border, like a cut from a colonial broadside or almanac. Subject: a poet-editor at a desk writing sharply, a quill in hand and a French liberty cap on a peg behind him. Monochrome black ink on cream paper, no color, no hand-coloring. No lettering, captions, signatures or watermarks. Landscape 4:3 composition with the subject centered and readable at small size.",national_gazette.png
report_manufactures,The Report on Manufactures,Economic story,1791,woodcut,"a water-powered mill on a river with a spinning wheel and a plough in the foreground, as an allegory of industry","Early American newspaper woodcut, c. 1791. A crude hand-cut woodblock print: bold solid black masses, white-line cutting, coarse parallel gouge marks for sky, water and ground, flat naive perspective, uneven ink and press grain, black ink on cream rag paper, a heavy double-rule border, like a cut from a colonial broadside or almanac. Subject: a water-powered mill on a river with a spinning wheel and a plough in the foreground, as an allegory of industry. Monochrome black ink on cream paper, no color, no hand-coloring. No lettering, captions, signatures or watermarks. Landscape 4:3 composition with the subject centered and readable at small size.",report_manufactures.png
rights_of_man,The Rights of Man,Social story,1791,woodcut,"a crowd in a city square raising a liberty pole topped with a liberty cap, a man reading from a book","Early American newspaper woodcut, c. 1791. A crude hand-cut woodblock print: bold solid black masses, white-line cutting, coarse parallel gouge marks for sky, water and ground, flat naive perspective, uneven ink and press grain, black ink on cream rag paper, a heavy double-rule border, like a cut from a colonial broadside or almanac. Subject: a crowd in a city square raising a liberty pole topped with a liberty cap, a man reading from a book. Monochrome black ink on cream paper, no color, no hand-coloring. No lettering, captions, signatures or watermarks. Landscape 4:3 composition with the subject centered and readable at small size.",rights_of_man.png
postal_act_1792,The Postal Act of 1792,Media event,1792,woodcut,"a post rider galloping along a forest road with saddlebags stuffed with newspapers, a post horn at his lips","Early American newspaper woodcut, c. 1792. A crude hand-cut woodblock print: bold solid black masses, white-line cutting, coarse parallel gouge marks for sky, water and ground, flat naive perspective, uneven ink and press grain, black ink on cream rag paper, a heavy double-rule border, like a cut from a colonial broadside or almanac. Subject: a post rider galloping along a forest road with saddlebags stuffed with newspapers, a post horn at his lips. Monochrome black ink on cream paper, no color, no hand-coloring. No lettering, captions, signatures or watermarks. Landscape 4:3 composition with the subject centered and readable at small size.",postal_act_1792.png
citizen_genet,Citizen Genet,Negative story,1793,woodcut,"a flamboyant French diplomat in a sash addressing a cheering crowd from a balcony, a cockade on his hat","Early American newspaper woodcut, c. 1793. A crude hand-cut woodblock print: bold solid black masses, white-line cutting, coarse parallel gouge marks for sky, water and ground, flat naive perspective, uneven ink and press grain, black ink on cream rag paper, a heavy double-rule border, like a cut from a colonial broadside or almanac. Subject: a flamboyant French diplomat in a sash addressing a cheering crowd from a balcony, a cockade on his hat. Monochrome black ink on cream paper, no color, no hand-coloring. No lettering, captions, signatures or watermarks. Landscape 4:3 composition with the subject centered and readable at small size.",citizen_genet.png
democratic_societies,The Democratic-Republican Societies,Social story,1794,woodcut,mechanics and farmers raising glasses at a long tavern table under a French tricolour and an American flag,"Early American newspaper woodcut, c. 1794. A crude hand-cut woodblock print: bold solid black masses, white-line cutting, coarse parallel gouge marks for sky, water and ground, flat naive perspective, uneven ink and press grain, black ink on cream rag paper, a heavy double-rule border, like a cut from a colonial broadside or almanac. Subject: mechanics and farmers raising glasses at a long tavern table under a French tricolour and an American flag. Monochrome black ink on cream paper, no color, no hand-coloring. No lettering, captions, signatures or watermarks. Landscape 4:3 composition with the subject centered and readable at small size.",democratic_societies.png
whiskey_rebellion,The Whiskey Rebellion,Negative story,1794,woodcut,"a column of militia marching over the Allegheny mountains, a farmer's still smoking in a log shed by the road","Early American newspaper woodcut, c. 1794. A crude hand-cut woodblock print: bold solid black masses, white-line cutting, coarse parallel gouge marks for sky, water and ground, flat naive perspective, uneven ink and press grain, black ink on cream rag paper, a heavy double-rule border, like a cut from a colonial broadside or almanac. Subject: a column of militia marching over the Allegheny mountains, a farmer's still smoking in a log shed by the road. Monochrome black ink on cream paper, no color, no hand-coloring. No lettering, captions, signatures or watermarks. Landscape 4:3 composition with the subject centered and readable at small size.",whiskey_rebellion.png
jay_treaty,The Jay Treaty,Political story,1795,woodcut,"a crowd burning a straw effigy in a coat and wig on a pole at night, torches raised","Early American newspaper woodcut, c. 1795. A crude hand-cut woodblock print: bold solid black masses, white-line cutting, coarse parallel gouge marks for sky, water and ground, flat naive perspective, uneven ink and press grain, black ink on cream rag paper, a heavy double-rule border, like a cut from a colonial broadside or almanac. Subject: a crowd burning a straw effigy in a coat and wig on a pole at night, torches raised. Monochrome black ink on cream paper, no color, no hand-coloring. No lettering, captions, signatures or watermarks. Landscape 4:3 composition with the subject centered and readable at small size.",jay_treaty.png
alien_sedition,The Alien and Sedition Acts,Negative story,1798,woodcut,"a printer being led from his shop in handcuffs by a marshal, his press and type cases behind","Early American newspaper woodcut, c. 1798. A crude hand-cut woodblock print: bold solid black masses, white-line cutting, coarse parallel gouge marks for sky, water and ground, flat naive perspective, uneven ink and press grain, black ink on cream rag paper, a heavy double-rule border, like a cut from a colonial broadside or almanac. Subject: a printer being led from his shop in handcuffs by a marshal, his press and type cases behind. Monochrome black ink on cream paper, no color, no hand-coloring. No lettering, captions, signatures or watermarks. Landscape 4:3 composition with the subject centered and readable at small size.",alien_sedition.png
kentucky_resolutions,The Kentucky and Virginia Resolutions,Political story,1798,woodcut,"two gentlemen conferring privately in a Virginia study, a manuscript between them, shutters half closed","Early American newspaper woodcut, c. 1798. A crude hand-cut woodblock print: bold solid black masses, white-line cutting, coarse parallel gouge marks for sky, water and ground, flat naive perspective, uneven ink and press grain, black ink on cream rag paper, a heavy double-rule border, like a cut from a colonial broadside or almanac. Subject: two gentlemen conferring privately in a Virginia study, a manuscript between them, shutters half closed. Monochrome black ink on cream paper, no color, no hand-coloring. No lettering, captions, signatures or watermarks. Landscape 4:3 composition with the subject centered and readable at small size.",kentucky_resolutions.png
xyz_affair,The XYZ Affair,Negative story,1798,woodcut,three masked men in fine clothes holding out their hands for a purse before an American envoy who refuses,"Early American newspaper woodcut, c. 1798. A crude hand-cut woodblock print: bold solid black masses, white-line cutting, coarse parallel gouge marks for sky, water and ground, flat naive perspective, uneven ink and press grain, black ink on cream rag paper, a heavy double-rule border, like a cut from a colonial broadside or almanac. Subject: three masked men in fine clothes holding out their hands for a purse before an American envoy who refuses. Monochrome black ink on cream paper, no color, no hand-coloring. No lettering, captions, signatures or watermarks. Landscape 4:3 composition with the subject centered and readable at small size.",xyz_affair.png
marbury,Marbury v. Madison,Political story,1803,woodcut,the Chief Justice in a black robe reading an opinion in a small candlelit courtroom,"Early American newspaper woodcut, c. 1803. A crude hand-cut woodblock print: bold solid black masses, white-line cutting, coarse parallel gouge marks for sky, water and ground, flat naive perspective, uneven ink and press grain, black ink on cream rag paper, a heavy double-rule border, like a cut from a colonial broadside or almanac. Subject: the Chief Justice in a black robe reading an opinion in a small candlelit courtroom. Monochrome black ink on cream paper, no color, no hand-coloring. No lettering, captions, signatures or watermarks. Landscape 4:3 composition with the subject centered and readable at small size.",marbury.png
louisiana_purchase,The Louisiana Purchase,Economic story,1803,woodcut,"a French flag lowered and an American flag raised over a square in New Orleans, ships on the river","Early American newspaper woodcut, c. 1803. A crude hand-cut woodblock print: bold solid black masses, white-line cutting, coarse parallel gouge marks for sky, water and ground, flat naive perspective, uneven ink and press grain, black ink on cream rag paper, a heavy double-rule border, like a cut from a colonial broadside or almanac. Subject: a French flag lowered and an American flag raised over a square in New Orleans, ships on the river. Monochrome black ink on cream paper, no color, no hand-coloring. No lettering, captions, signatures or watermarks. Landscape 4:3 composition with the subject centered and readable at small size.",louisiana_purchase.png
burr_conspiracy,The Burr Conspiracy,Negative story,1807,woodcut,"a gentleman in a long cloak standing trial in a crowded courtroom, guards at his side","Early American newspaper woodcut, c. 1807. A crude hand-cut woodblock print: bold solid black masses, white-line cutting, coarse parallel gouge marks for sky, water and ground, flat naive perspective, uneven ink and press grain, black ink on cream rag paper, a heavy double-rule border, like a cut from a colonial broadside or almanac. Subject: a gentleman in a long cloak standing trial in a crowded courtroom, guards at his side. Monochrome black ink on cream paper, no color, no hand-coloring. No lettering, captions, signatures or watermarks. Landscape 4:3 composition with the subject centered and readable at small size.",burr_conspiracy.png
chesapeake_affair,The Chesapeake Affair,Social story,1807,woodcut,a British warship firing a broadside into an American frigate at close range on a calm sea,"Early American newspaper woodcut, c. 1807. A crude hand-cut woodblock print: bold solid black masses, white-line cutting, coarse parallel gouge marks for sky, water and ground, flat naive perspective, uneven ink and press grain, black ink on cream rag paper, a heavy double-rule border, like a cut from a colonial broadside or almanac. Subject: a British warship firing a broadside into an American frigate at close range on a calm sea. Monochrome black ink on cream paper, no color, no hand-coloring. No lettering, captions, signatures or watermarks. Landscape 4:3 composition with the subject centered and readable at small size.",chesapeake_affair.png
embargo_act,The Embargo Act,Economic story,1807,woodcut,"idle merchant ships with furled sails at a quiet wharf, grass growing between the planks, sailors sitting idle","Early American newspaper woodcut, c. 1807. A crude hand-cut woodblock print: bold solid black masses, white-line cutting, coarse parallel gouge marks for sky, water and ground, flat naive perspective, uneven ink and press grain, black ink on cream rag paper, a heavy double-rule border, like a cut from a colonial broadside or almanac. Subject: idle merchant ships with furled sails at a quiet wharf, grass growing between the planks, sailors sitting idle. Monochrome black ink on cream paper, no color, no hand-coloring. No lettering, captions, signatures or watermarks. Landscape 4:3 composition with the subject centered and readable at small size.",embargo_act.png
niles_register,Niles' Weekly Register,Media event,1811,woodcut,"a reader in spectacles in an armchair surrounded by bound volumes of a weekly journal, prices and speeches pinned on the wall","Early American newspaper woodcut, c. 1811. A crude hand-cut woodblock print: bold solid black masses, white-line cutting, coarse parallel gouge marks for sky, water and ground, flat naive perspective, uneven ink and press grain, black ink on cream rag paper, a heavy double-rule border, like a cut from a colonial broadside or almanac. Subject: a reader in spectacles in an armchair surrounded by bound volumes of a weekly journal, prices and speeches pinned on the wall. Monochrome black ink on cream paper, no color, no hand-coloring. No lettering, captions, signatures or watermarks. Landscape 4:3 composition with the subject centered and readable at small size.",niles_register.png
tippecanoe,Tippecanoe,Social story,1811,woodcut,"a battle at dawn in a wooded river valley, militia firing from behind trees, a general on a white horse","Early American newspaper woodcut, c. 1811. A crude hand-cut woodblock print: bold solid black masses, white-line cutting, coarse parallel gouge marks for sky, water and ground, flat naive perspective, uneven ink and press grain, black ink on cream rag paper, a heavy double-rule border, like a cut from a colonial broadside or almanac. Subject: a battle at dawn in a wooded river valley, militia firing from behind trees, a general on a white horse. Depict every person with dignity and individual character, as a sympathetic period illustrator would; no caricature. Monochrome black ink on cream paper, no color, no hand-coloring. No lettering, captions, signatures or watermarks. Landscape 4:3 composition with the subject centered and readable at small size.",tippecanoe.png
war_of_1812,Mr. Madison's War,Political story,1812,woodcut,"an American frigate dueling a British frigate under full sail, cannon smoke billowing","Early American newspaper woodcut, c. 1812. A crude hand-cut woodblock print: bold solid black masses, white-line cutting, coarse parallel gouge marks for sky, water and ground, flat naive perspective, uneven ink and press grain, black ink on cream rag paper, a heavy double-rule border, like a cut from a colonial broadside or almanac. Subject: an American frigate dueling a British frigate under full sail, cannon smoke billowing. Monochrome black ink on cream paper, no color, no hand-coloring. No lettering, captions, signatures or watermarks. Landscape 4:3 composition with the subject centered and readable at small size.",war_of_1812.png
gerrymander,The Gerrymander,Negative story,1812,woodcut,"a monstrous winged salamander-dragon made of the outline of a political district, with claws and teeth, drawn as a map","Early American newspaper woodcut, c. 1812. A crude hand-cut woodblock print: bold solid black masses, white-line cutting, coarse parallel gouge marks for sky, water and ground, flat naive perspective, uneven ink and press grain, black ink on cream rag paper, a heavy double-rule border, like a cut from a colonial broadside or almanac. Subject: a monstrous winged salamander-dragon made of the outline of a political district, with claws and teeth, drawn as a map. Monochrome black ink on cream paper, no color, no hand-coloring. No lettering, captions, signatures or watermarks. Landscape 4:3 composition with the subject centered and readable at small size.",gerrymander.png
hartford_convention,The Hartford Convention,Negative story,1814,woodcut,grim gentlemen in black coats meeting behind closed shutters by lamplight in a New England hall,"Early American newspaper woodcut, c. 1814. A crude hand-cut woodblock print: bold solid black masses, white-line cutting, coarse parallel gouge marks for sky, water and ground, flat naive perspective, uneven ink and press grain, black ink on cream rag paper, a heavy double-rule border, like a cut from a colonial broadside or almanac. Subject: grim gentlemen in black coats meeting behind closed shutters by lamplight in a New England hall. Monochrome black ink on cream paper, no color, no hand-coloring. No lettering, captions, signatures or watermarks. Landscape 4:3 composition with the subject centered and readable at small size.",hartford_convention.png
treaty_of_ghent,The Treaty of Ghent,Political story,1814,woodcut,British and American diplomats shaking hands across a table in a Flemish chamber,"Early American newspaper woodcut, c. 1814. A crude hand-cut woodblock print: bold solid black masses, white-line cutting, coarse parallel gouge marks for sky, water and ground, flat naive perspective, uneven ink and press grain, black ink on cream rag paper, a heavy double-rule border, like a cut from a colonial broadside or almanac. Subject: British and American diplomats shaking hands across a table in a Flemish chamber. Monochrome black ink on cream paper, no color, no hand-coloring. No lettering, captions, signatures or watermarks. Landscape 4:3 composition with the subject centered and readable at small size.",treaty_of_ghent.png
second_bank,The Second Bank of the United States,Economic story,1816,woodcut,"a Greek-temple bank on a Philadelphia street with a crowd outside, banknotes fluttering","Early American newspaper woodcut, c. 1816. A crude hand-cut woodblock print: bold solid black masses, white-line cutting, coarse parallel gouge marks for sky, water and ground, flat naive perspective, uneven ink and press grain, black ink on cream rag paper, a heavy double-rule border, like a cut from a colonial broadside or almanac. Subject: a Greek-temple bank on a Philadelphia street with a crowd outside, banknotes fluttering. Monochrome black ink on cream paper, no color, no hand-coloring. No lettering, captions, signatures or watermarks. Landscape 4:3 composition with the subject centered and readable at small size.",second_bank.png
tariff_of_1816,The Tariff of 1816,Economic story,1816,woodcut,"a customs house on a busy wharf, crates of imported cloth stacked and weighed by officials","Early American newspaper woodcut, c. 1816. A crude hand-cut woodblock print: bold solid black masses, white-line cutting, coarse parallel gouge marks for sky, water and ground, flat naive perspective, uneven ink and press grain, black ink on cream rag paper, a heavy double-rule border, like a cut from a colonial broadside or almanac. Subject: a customs house on a busy wharf, crates of imported cloth stacked and weighed by officials. Monochrome black ink on cream paper, no color, no hand-coloring. No lettering, captions, signatures or watermarks. Landscape 4:3 composition with the subject centered and readable at small size.",tariff_of_1816.png
cumberland_road,The Cumberland Road,Economic story,1818,woodcut,Conestoga wagons and a stagecoach on a stone-paved road crossing a stone bridge in the mountains,"Early American newspaper woodcut, c. 1818. A crude hand-cut woodblock print: bold solid black masses, white-line cutting, coarse parallel gouge marks for sky, water and ground, flat naive perspective, uneven ink and press grain, black ink on cream rag paper, a heavy double-rule border, like a cut from a colonial broadside or almanac. Subject: Conestoga wagons and a stagecoach on a stone-paved road crossing a stone bridge in the mountains. Monochrome black ink on cream paper, no color, no hand-coloring. No lettering, captions, signatures or watermarks. Landscape 4:3 composition with the subject centered and readable at small size.",cumberland_road.png
mcculloch,McCulloch v. Maryland,Economic story,1819,woodcut,"the Supreme Court bench with robed justices, a lawyer arguing before them, a bank note on the table","Early American newspaper woodcut, c. 1819. A crude hand-cut woodblock print: bold solid black masses, white-line cutting, coarse parallel gouge marks for sky, water and ground, flat naive perspective, uneven ink and press grain, black ink on cream rag paper, a heavy double-rule border, like a cut from a colonial broadside or almanac. Subject: the Supreme Court bench with robed justices, a lawyer arguing before them, a bank note on the table. Monochrome black ink on cream paper, no color, no hand-coloring. No lettering, captions, signatures or watermarks. Landscape 4:3 composition with the subject centered and readable at small size.",mcculloch.png
adams_onis,The Adams-Onis Treaty,Political story,1819,woodcut,a Spanish envoy and an American Secretary of State signing a treaty beside a large map with a line drawn to the Pacific,"Early American newspaper woodcut, c. 1819. A crude hand-cut woodblock print: bold solid black masses, white-line cutting, coarse parallel gouge marks for sky, water and ground, flat naive perspective, uneven ink and press grain, black ink on cream rag paper, a heavy double-rule border, like a cut from a colonial broadside or almanac. Subject: a Spanish envoy and an American Secretary of State signing a treaty beside a large map with a line drawn to the Pacific. Monochrome black ink on cream paper, no color, no hand-coloring. No lettering, captions, signatures or watermarks. Landscape 4:3 composition with the subject centered and readable at small size.",adams_onis.png
panic_of_1819,The Panic of 1819,Negative story,1819,woodcut,"a crowd of anxious depositors at the shut doors of a bank, a sheriff posting a foreclosure notice","Early American newspaper woodcut, c. 1819. A crude hand-cut woodblock print: bold solid black masses, white-line cutting, coarse parallel gouge marks for sky, water and ground, flat naive perspective, uneven ink and press grain, black ink on cream rag paper, a heavy double-rule border, like a cut from a colonial broadside or almanac. Subject: a crowd of anxious depositors at the shut doors of a bank, a sheriff posting a foreclosure notice. Monochrome black ink on cream paper, no color, no hand-coloring. No lettering, captions, signatures or watermarks. Landscape 4:3 composition with the subject centered and readable at small size.",panic_of_1819.png
missouri_compromise,The Missouri Compromise,Social story,1820,wood engraving,a fire bell ringing in a dark tower at night over a sleeping town,"American wood engraving, c. 1820. A fine end-grain wood engraving as in a penny magazine or almanac of the 1820s and 1830s: crisp parallel lines and crosshatching for tone, careful detail, small figures, a thin rule border, black ink on off-white newsprint. Subject: a fire bell ringing in a dark tower at night over a sleeping town. Monochrome black ink on cream paper, no color, no hand-coloring. No lettering, captions, signatures or watermarks. Landscape 4:3 composition with the subject centered and readable at small size.",missouri_compromise.png
denmark_vesey,Denmark Vesey,Negative story,1822,wood engraving,a dignified Black carpenter standing calm and upright in a Charleston courtroom before stern white judges,"American wood engraving, c. 1822. A fine end-grain wood engraving as in a penny magazine or almanac of the 1820s and 1830s: crisp parallel lines and crosshatching for tone, careful detail, small figures, a thin rule border, black ink on off-white newsprint. Subject: a dignified Black carpenter standing calm and upright in a Charleston courtroom before stern white judges. Depict every person with dignity and individual character, as a sympathetic period illustrator would; no caricature. Monochrome black ink on cream paper, no color, no hand-coloring. No lettering, captions, signatures or watermarks. Landscape 4:3 composition with the subject centered and readable at small size.",denmark_vesey.png
crawford_radicals,The Crawford Radicals,Negative story,1823,wood engraving,"politicians in a smoky caucus room voting by candlelight, many chairs empty","American wood engraving, c. 1823. A fine end-grain wood engraving as in a penny magazine or almanac of the 1820s and 1830s: crisp parallel lines and crosshatching for tone, careful detail, small figures, a thin rule border, black ink on off-white newsprint. Subject: politicians in a smoky caucus room voting by candlelight, many chairs empty. Monochrome black ink on cream paper, no color, no hand-coloring. No lettering, captions, signatures or watermarks. Landscape 4:3 composition with the subject centered and readable at small size.",crawford_radicals.png
monroe_doctrine,The Monroe Doctrine,Political story,1823,wood engraving,an American eagle spreading its wings over a map of the western hemisphere as European warships turn away,"American wood engraving, c. 1823. A fine end-grain wood engraving as in a penny magazine or almanac of the 1820s and 1830s: crisp parallel lines and crosshatching for tone, careful detail, small figures, a thin rule border, black ink on off-white newsprint. Subject: an American eagle spreading its wings over a map of the western hemisphere as European warships turn away. Monochrome black ink on cream paper, no color, no hand-coloring. No lettering, captions, signatures or watermarks. Landscape 4:3 composition with the subject centered and readable at small size.",monroe_doctrine.png
american_system,The American System,Economic story,1824,wood engraving,"a factory, a canal, a road and a bank arranged around a farmer's field, an allegory of national improvement","American wood engraving, c. 1824. A fine end-grain wood engraving as in a penny magazine or almanac of the 1820s and 1830s: crisp parallel lines and crosshatching for tone, careful detail, small figures, a thin rule border, black ink on off-white newsprint. Subject: a factory, a canal, a road and a bank arranged around a farmer's field, an allegory of national improvement. Monochrome black ink on cream paper, no color, no hand-coloring. No lettering, captions, signatures or watermarks. Landscape 4:3 composition with the subject centered and readable at small size.",american_system.png
erie_canal,The Erie Canal,Economic story,1825,wood engraving,"a canal boat pulled by mules along a towpath past locks, a canal town behind","American wood engraving, c. 1825. A fine end-grain wood engraving as in a penny magazine or almanac of the 1820s and 1830s: crisp parallel lines and crosshatching for tone, careful detail, small figures, a thin rule border, black ink on off-white newsprint. Subject: a canal boat pulled by mules along a towpath past locks, a canal town behind. Monochrome black ink on cream paper, no color, no hand-coloring. No lettering, captions, signatures or watermarks. Landscape 4:3 composition with the subject centered and readable at small size.",erie_canal.png
lowell_mills,The Lowell Mills,Social story,1826,wood engraving,young women mill workers walking in rows to a large brick textile mill beside a river at dawn,"American wood engraving, c. 1826. A fine end-grain wood engraving as in a penny magazine or almanac of the 1820s and 1830s: crisp parallel lines and crosshatching for tone, careful detail, small figures, a thin rule border, black ink on off-white newsprint. Subject: young women mill workers walking in rows to a large brick textile mill beside a river at dawn. Monochrome black ink on cream paper, no color, no hand-coloring. No lettering, captions, signatures or watermarks. Landscape 4:3 composition with the subject centered and readable at small size.",lowell_mills.png
freedoms_journal,Freedom's Journal,Social story,1827,wood engraving,"Black editors at work in a New York print office, one reading a proof sheet, a hand press in the background","American wood engraving, c. 1827. A fine end-grain wood engraving as in a penny magazine or almanac of the 1820s and 1830s: crisp parallel lines and crosshatching for tone, careful detail, small figures, a thin rule border, black ink on off-white newsprint. Subject: Black editors at work in a New York print office, one reading a proof sheet, a hand press in the background. Depict every person with dignity and individual character, as a sympathetic period illustrator would; no caricature. Monochrome black ink on cream paper, no color, no hand-coloring. No lettering, captions, signatures or watermarks. Landscape 4:3 composition with the subject centered and readable at small size.",freedoms_journal.png
anti_masonic_party,The Anti-Masonic Party,Negative story,1828,wood engraving,a crowd at a torchlit rally around a speaker holding up a Masonic apron and compass,"American wood engraving, c. 1828. A fine end-grain wood engraving as in a penny magazine or almanac of the 1820s and 1830s: crisp parallel lines and crosshatching for tone, careful detail, small figures, a thin rule border, black ink on off-white newsprint. Subject: a crowd at a torchlit rally around a speaker holding up a Masonic apron and compass. Monochrome black ink on cream paper, no color, no hand-coloring. No lettering, captions, signatures or watermarks. Landscape 4:3 composition with the subject centered and readable at small size.",anti_masonic_party.png
cherokee_phoenix,The Cherokee Phoenix,Social story,1828,wood engraving,"a Cherokee printer at a hand press in a log print shop at New Echota, a newspaper page in the syllabary on the press","American wood engraving, c. 1828. A fine end-grain wood engraving as in a penny magazine or almanac of the 1820s and 1830s: crisp parallel lines and crosshatching for tone, careful detail, small figures, a thin rule border, black ink on off-white newsprint. Subject: a Cherokee printer at a hand press in a log print shop at New Echota, a newspaper page in the syllabary on the press. Depict every person with dignity and individual character, as a sympathetic period illustrator would; no caricature. Monochrome black ink on cream paper, no color, no hand-coloring. No lettering, captions, signatures or watermarks. Landscape 4:3 composition with the subject centered and readable at small size.",cherokee_phoenix.png
sc_exposition,The South Carolina Exposition,Political story,1828,wood engraving,"a gaunt statesman with a shock of hair writing at night by a single candle, a palmetto tree outside the window","American wood engraving, c. 1828. A fine end-grain wood engraving as in a penny magazine or almanac of the 1820s and 1830s: crisp parallel lines and crosshatching for tone, careful detail, small figures, a thin rule border, black ink on off-white newsprint. Subject: a gaunt statesman with a shock of hair writing at night by a single candle, a palmetto tree outside the window. Monochrome black ink on cream paper, no color, no hand-coloring. No lettering, captions, signatures or watermarks. Landscape 4:3 composition with the subject centered and readable at small size.",sc_exposition.png
tariff_abominations,The Tariff of Abominations,Economic story,1828,wood engraving,"a monstrous many-headed creature made of crates and bales labelled with goods, menacing a cotton field","American wood engraving, c. 1828. A fine end-grain wood engraving as in a penny magazine or almanac of the 1820s and 1830s: crisp parallel lines and crosshatching for tone, careful detail, small figures, a thin rule border, black ink on off-white newsprint. Subject: a monstrous many-headed creature made of crates and bales labelled with goods, menacing a cotton field. Monochrome black ink on cream paper, no color, no hand-coloring. No lettering, captions, signatures or watermarks. Landscape 4:3 composition with the subject centered and readable at small size.",tariff_abominations.png
cotton_boom,The Cotton Boom,Economic story,1830,wood engraving,"cotton bales piled high on a river steamboat landing, ships waiting downstream","American wood engraving, c. 1830. A fine end-grain wood engraving as in a penny magazine or almanac of the 1820s and 1830s: crisp parallel lines and crosshatching for tone, careful detail, small figures, a thin rule border, black ink on off-white newsprint. Subject: cotton bales piled high on a river steamboat landing, ships waiting downstream. Monochrome black ink on cream paper, no color, no hand-coloring. No lettering, captions, signatures or watermarks. Landscape 4:3 composition with the subject centered and readable at small size.",cotton_boom.png
indian_removal,The Indian Removal Act,Political story,1830,wood engraving,"a line of Cherokee families walking west through a winter forest with carts and blankets, soldiers riding alongside","American wood engraving, c. 1830. A fine end-grain wood engraving as in a penny magazine or almanac of the 1820s and 1830s: crisp parallel lines and crosshatching for tone, careful detail, small figures, a thin rule border, black ink on off-white newsprint. Subject: a line of Cherokee families walking west through a winter forest with carts and blankets, soldiers riding alongside. Depict every person with dignity and individual character, as a sympathetic period illustrator would; no caricature. Monochrome black ink on cream paper, no color, no hand-coloring. No lettering, captions, signatures or watermarks. Landscape 4:3 composition with the subject centered and readable at small size.",indian_removal.png
webster_hayne,The Webster-Hayne Debate,Political story,1830,wood engraving,"a senator with a dark brow orating in the Senate chamber, hand raised, the galleries packed and silent","American wood engraving, c. 1830. A fine end-grain wood engraving as in a penny magazine or almanac of the 1820s and 1830s: crisp parallel lines and crosshatching for tone, careful detail, small figures, a thin rule border, black ink on off-white newsprint. Subject: a senator with a dark brow orating in the Senate chamber, hand raised, the galleries packed and silent. Monochrome black ink on cream paper, no color, no hand-coloring. No lettering, captions, signatures or watermarks. Landscape 4:3 composition with the subject centered and readable at small size.",webster_hayne.png
the_liberator,The Liberator,Social story,1831,wood engraving,a printer and editor in a cramped Boston garret printing a weekly paper by lamplight,"American wood engraving, c. 1831. A fine end-grain wood engraving as in a penny magazine or almanac of the 1820s and 1830s: crisp parallel lines and crosshatching for tone, careful detail, small figures, a thin rule border, black ink on off-white newsprint. Subject: a printer and editor in a cramped Boston garret printing a weekly paper by lamplight. Monochrome black ink on cream paper, no color, no hand-coloring. No lettering, captions, signatures or watermarks. Landscape 4:3 composition with the subject centered and readable at small size.",the_liberator.png
bank_war,The Bank War,Economic story,1832,wood engraving,Andrew Jackson with a cane confronting a many-headed hydra emerging from a classical bank building,"American wood engraving, c. 1832. A fine end-grain wood engraving as in a penny magazine or almanac of the 1820s and 1830s: crisp parallel lines and crosshatching for tone, careful detail, small figures, a thin rule border, black ink on off-white newsprint. Subject: Andrew Jackson with a cane confronting a many-headed hydra emerging from a classical bank building. Monochrome black ink on cream paper, no color, no hand-coloring. No lettering, captions, signatures or watermarks. Landscape 4:3 composition with the subject centered and readable at small size.",bank_war.png
force_bill,The Force Bill,Political story,1833,wood engraving,"federal soldiers and a revenue cutter in Charleston harbor, cannon trained on a fort","American wood engraving, c. 1833. A fine end-grain wood engraving as in a penny magazine or almanac of the 1820s and 1830s: crisp parallel lines and crosshatching for tone, careful detail, small figures, a thin rule border, black ink on off-white newsprint. Subject: federal soldiers and a revenue cutter in Charleston harbor, cannon trained on a fort. Monochrome black ink on cream paper, no color, no hand-coloring. No lettering, captions, signatures or watermarks. Landscape 4:3 composition with the subject centered and readable at small size.",force_bill.png
penny_press,The Penny Press,Media event,1833,wood engraving,"newsboys shouting in a crowded New York street holding up papers, gas lamps and omnibuses behind","American wood engraving, c. 1833. A fine end-grain wood engraving as in a penny magazine or almanac of the 1820s and 1830s: crisp parallel lines and crosshatching for tone, careful detail, small figures, a thin rule border, black ink on off-white newsprint. Subject: newsboys shouting in a crowded New York street holding up papers, gas lamps and omnibuses behind. Monochrome black ink on cream paper, no color, no hand-coloring. No lettering, captions, signatures or watermarks. Landscape 4:3 composition with the subject centered and readable at small size.",penny_press.png
gag_rule,The Gag Rule,Negative story,1836,lithograph,a congressman pushing a tall stack of petitions off the House clerk's desk while an old member rises to object,"American lithograph, c. 1836, in the manner of a Currier or Sarony print: soft crayon-on-stone tone, smooth gradations from deep black to paper white, stippled grain, highlights scraped out of the stone, naturalistic drawing, the scene fading in a soft oval vignette into cream paper. Subject: a congressman pushing a tall stack of petitions off the House clerk's desk while an old member rises to object. Monochrome black ink on cream paper, no color, no hand-coloring. No lettering, captions, signatures or watermarks. Landscape 4:3 composition with the subject centered and readable at small size.",gag_rule.png
specie_circular,The Specie Circular,Economic story,1836,lithograph,a land-office counter where a settler empties a purse of gold and silver coins while paper notes are refused,"American lithograph, c. 1836, in the manner of a Currier or Sarony print: soft crayon-on-stone tone, smooth gradations from deep black to paper white, stippled grain, highlights scraped out of the stone, naturalistic drawing, the scene fading in a soft oval vignette into cream paper. Subject: a land-office counter where a settler empties a purse of gold and silver coins while paper notes are refused. Monochrome black ink on cream paper, no color, no hand-coloring. No lettering, captions, signatures or watermarks. Landscape 4:3 composition with the subject centered and readable at small size.",specie_circular.png
panic_of_1837,The Panic of 1837,Negative story,1837,lithograph,"a bank run on a city street, crowds pressing on shut doors, a sign of suspended payment, a broken merchant on the curb","American lithograph, c. 1837, in the manner of a Currier or Sarony print: soft crayon-on-stone tone, smooth gradations from deep black to paper white, stippled grain, highlights scraped out of the stone, naturalistic drawing, the scene fading in a soft oval vignette into cream paper. Subject: a bank run on a city street, crowds pressing on shut doors, a sign of suspended payment, a broken merchant on the curb. Monochrome black ink on cream paper, no color, no hand-coloring. No lettering, captions, signatures or watermarks. Landscape 4:3 composition with the subject centered and readable at small size.",panic_of_1837.png
amistad,The Amistad,Social story,1839,lithograph,a schooner at anchor off Long Island with a group of African captives standing proud on its deck,"American lithograph, c. 1839, in the manner of a Currier or Sarony print: soft crayon-on-stone tone, smooth gradations from deep black to paper white, stippled grain, highlights scraped out of the stone, naturalistic drawing, the scene fading in a soft oval vignette into cream paper. Subject: a schooner at anchor off Long Island with a group of African captives standing proud on its deck. Depict every person with dignity and individual character, as a sympathetic period illustrator would; no caricature. Monochrome black ink on cream paper, no color, no hand-coloring. No lettering, captions, signatures or watermarks. Landscape 4:3 composition with the subject centered and readable at small size.",amistad.png
log_cabin_campaign,Log Cabin and Hard Cider,Social story,1840,lithograph,"a log cabin with a barrel of hard cider by the door, a coonskin on the wall and a crowd of cheering Whigs with banners","American lithograph, c. 1840, in the manner of a Currier or Sarony print: soft crayon-on-stone tone, smooth gradations from deep black to paper white, stippled grain, highlights scraped out of the stone, naturalistic drawing, the scene fading in a soft oval vignette into cream paper. Subject: a log cabin with a barrel of hard cider by the door, a coonskin on the wall and a crowd of cheering Whigs with banners. Monochrome black ink on cream paper, no color, no hand-coloring. No lettering, captions, signatures or watermarks. Landscape 4:3 composition with the subject centered and readable at small size.",log_cabin_campaign.png
tyler_vetoes,His Accidency's Vetoes,Negative story,1841,lithograph,a lone president at his desk signing a veto as cabinet members walk out of the room in a body,"American lithograph, c. 1841, in the manner of a Currier or Sarony print: soft crayon-on-stone tone, smooth gradations from deep black to paper white, stippled grain, highlights scraped out of the stone, naturalistic drawing, the scene fading in a soft oval vignette into cream paper. Subject: a lone president at his desk signing a veto as cabinet members walk out of the room in a body. Monochrome black ink on cream paper, no color, no hand-coloring. No lettering, captions, signatures or watermarks. Landscape 4:3 composition with the subject centered and readable at small size.",tyler_vetoes.png
dorr_rebellion,The Dorr Rebellion,Negative story,1842,lithograph,a ragtag militia with an old cannon outside the Providence arsenal at night in fog,"American lithograph, c. 1842, in the manner of a Currier or Sarony print: soft crayon-on-stone tone, smooth gradations from deep black to paper white, stippled grain, highlights scraped out of the stone, naturalistic drawing, the scene fading in a soft oval vignette into cream paper. Subject: a ragtag militia with an old cannon outside the Providence arsenal at night in fog. Monochrome black ink on cream paper, no color, no hand-coloring. No lettering, captions, signatures or watermarks. Landscape 4:3 composition with the subject centered and readable at small size.",dorr_rebellion.png
webster_ashburton,The Webster-Ashburton Treaty,Economic story,1842,lithograph,"two diplomats shaking hands over a map of the Maine border, lumberjacks felling pines in the window behind","American lithograph, c. 1842, in the manner of a Currier or Sarony print: soft crayon-on-stone tone, smooth gradations from deep black to paper white, stippled grain, highlights scraped out of the stone, naturalistic drawing, the scene fading in a soft oval vignette into cream paper. Subject: two diplomats shaking hands over a map of the Maine border, lumberjacks felling pines in the window behind. Monochrome black ink on cream paper, no color, no hand-coloring. No lettering, captions, signatures or watermarks. Landscape 4:3 composition with the subject centered and readable at small size.",webster_ashburton.png
telegraph,The Magnetic Telegraph,Media event,1844,lithograph,"a telegraph operator tapping a key at a desk, telegraph poles and wire running across the countryside through the window","American lithograph, c. 1844, in the manner of a Currier or Sarony print: soft crayon-on-stone tone, smooth gradations from deep black to paper white, stippled grain, highlights scraped out of the stone, naturalistic drawing, the scene fading in a soft oval vignette into cream paper. Subject: a telegraph operator tapping a key at a desk, telegraph poles and wire running across the countryside through the window. Monochrome black ink on cream paper, no color, no hand-coloring. No lettering, captions, signatures or watermarks. Landscape 4:3 composition with the subject centered and readable at small size.",telegraph.png
texas_annexation,The Annexation of Texas,Political story,1845,lithograph,a lone-star flag lowered and the American flag raised over the steps of a frontier capitol,"American lithograph, c. 1845, in the manner of a Currier or Sarony print: soft crayon-on-stone tone, smooth gradations from deep black to paper white, stippled grain, highlights scraped out of the stone, naturalistic drawing, the scene fading in a soft oval vignette into cream paper. Subject: a lone-star flag lowered and the American flag raised over the steps of a frontier capitol. Monochrome black ink on cream paper, no color, no hand-coloring. No lettering, captions, signatures or watermarks. Landscape 4:3 composition with the subject centered and readable at small size.",texas_annexation.png
oregon_treaty,Fifty-four Forty,Social story,1846,lithograph,covered wagons crossing a vast western prairie toward snowy mountains,"American lithograph, c. 1846, in the manner of a Currier or Sarony print: soft crayon-on-stone tone, smooth gradations from deep black to paper white, stippled grain, highlights scraped out of the stone, naturalistic drawing, the scene fading in a soft oval vignette into cream paper. Subject: covered wagons crossing a vast western prairie toward snowy mountains. Monochrome black ink on cream paper, no color, no hand-coloring. No lettering, captions, signatures or watermarks. Landscape 4:3 composition with the subject centered and readable at small size.",oregon_treaty.png
associated_press,The Associated Press,Media event,1846,lithograph,a steamship arriving at a New York wharf as reporters race in small boats to collect dispatches,"American lithograph, c. 1846, in the manner of a Currier or Sarony print: soft crayon-on-stone tone, smooth gradations from deep black to paper white, stippled grain, highlights scraped out of the stone, naturalistic drawing, the scene fading in a soft oval vignette into cream paper. Subject: a steamship arriving at a New York wharf as reporters race in small boats to collect dispatches. Monochrome black ink on cream paper, no color, no hand-coloring. No lettering, captions, signatures or watermarks. Landscape 4:3 composition with the subject centered and readable at small size.",associated_press.png
mexican_war,The Mexican War,Political story,1846,lithograph,"American troops storming a hilltop castle in a cloud of cannon smoke, the castle walls high above","American lithograph, c. 1846, in the manner of a Currier or Sarony print: soft crayon-on-stone tone, smooth gradations from deep black to paper white, stippled grain, highlights scraped out of the stone, naturalistic drawing, the scene fading in a soft oval vignette into cream paper. Subject: American troops storming a hilltop castle in a cloud of cannon smoke, the castle walls high above. Monochrome black ink on cream paper, no color, no hand-coloring. No lettering, captions, signatures or watermarks. Landscape 4:3 composition with the subject centered and readable at small size.",mexican_war.png
wilmot_proviso,The Wilmot Proviso,Social story,1846,lithograph,"a congressman standing in the crowded House chamber reading a short amendment, the members in uproar","American lithograph, c. 1846, in the manner of a Currier or Sarony print: soft crayon-on-stone tone, smooth gradations from deep black to paper white, stippled grain, highlights scraped out of the stone, naturalistic drawing, the scene fading in a soft oval vignette into cream paper. Subject: a congressman standing in the crowded House chamber reading a short amendment, the members in uproar. Monochrome black ink on cream paper, no color, no hand-coloring. No lettering, captions, signatures or watermarks. Landscape 4:3 composition with the subject centered and readable at small size.",wilmot_proviso.png
rotary_press,The Rotary Press,Media event,1847,lithograph,"a huge rotary printing press with great cylinders and pressmen feeding sheets, pulleys and belts overhead","American lithograph, c. 1847, in the manner of a Currier or Sarony print: soft crayon-on-stone tone, smooth gradations from deep black to paper white, stippled grain, highlights scraped out of the stone, naturalistic drawing, the scene fading in a soft oval vignette into cream paper. Subject: a huge rotary printing press with great cylinders and pressmen feeding sheets, pulleys and belts overhead. Monochrome black ink on cream paper, no color, no hand-coloring. No lettering, captions, signatures or watermarks. Landscape 4:3 composition with the subject centered and readable at small size.",rotary_press.png
free_soil,The Free Soil Party,Economic story,1848,lithograph,"a farmer with a plough on open western land under a rising sun, his family at the cabin door","American lithograph, c. 1848, in the manner of a Currier or Sarony print: soft crayon-on-stone tone, smooth gradations from deep black to paper white, stippled grain, highlights scraped out of the stone, naturalistic drawing, the scene fading in a soft oval vignette into cream paper. Subject: a farmer with a plough on open western land under a rising sun, his family at the cabin door. Monochrome black ink on cream paper, no color, no hand-coloring. No lettering, captions, signatures or watermarks. Landscape 4:3 composition with the subject centered and readable at small size.",free_soil.png
gold_rush,The Gold Rush,Economic story,1849,lithograph,"miners panning for gold in a mountain stream, tents and a sluice box, a clipper ship in a bay below","American lithograph, c. 1849, in the manner of a Currier or Sarony print: soft crayon-on-stone tone, smooth gradations from deep black to paper white, stippled grain, highlights scraped out of the stone, naturalistic drawing, the scene fading in a soft oval vignette into cream paper. Subject: miners panning for gold in a mountain stream, tents and a sluice box, a clipper ship in a bay below. Monochrome black ink on cream paper, no color, no hand-coloring. No lettering, captions, signatures or watermarks. Landscape 4:3 composition with the subject centered and readable at small size.",gold_rush.png
compromise_1850,The Compromise of 1850,Economic story,1850,lithograph,"an aged senator addressing the Senate, gesturing to a scroll, senators leaning in","American lithograph, c. 1850, in the manner of a Currier or Sarony print: soft crayon-on-stone tone, smooth gradations from deep black to paper white, stippled grain, highlights scraped out of the stone, naturalistic drawing, the scene fading in a soft oval vignette into cream paper. Subject: an aged senator addressing the Senate, gesturing to a scroll, senators leaning in. Monochrome black ink on cream paper, no color, no hand-coloring. No lettering, captions, signatures or watermarks. Landscape 4:3 composition with the subject centered and readable at small size.",compromise_1850.png
fugitive_slave_act,The Fugitive Slave Act,Negative story,1850,lithograph,a crowd of Boston citizens confronting marshals leading a manacled Black man toward the harbor,"American lithograph, c. 1850, in the manner of a Currier or Sarony print: soft crayon-on-stone tone, smooth gradations from deep black to paper white, stippled grain, highlights scraped out of the stone, naturalistic drawing, the scene fading in a soft oval vignette into cream paper. Subject: a crowd of Boston citizens confronting marshals leading a manacled Black man toward the harbor. Depict every person with dignity and individual character, as a sympathetic period illustrator would; no caricature. Monochrome black ink on cream paper, no color, no hand-coloring. No lettering, captions, signatures or watermarks. Landscape 4:3 composition with the subject centered and readable at small size.",fugitive_slave_act.png
georgia_platform,The Georgia Platform,Political story,1850,lithograph,a convention of Georgia delegates voting by raised hands in a state house hall,"American lithograph, c. 1850, in the manner of a Currier or Sarony print: soft crayon-on-stone tone, smooth gradations from deep black to paper white, stippled grain, highlights scraped out of the stone, naturalistic drawing, the scene fading in a soft oval vignette into cream paper. Subject: a convention of Georgia delegates voting by raised hands in a state house hall. Monochrome black ink on cream paper, no color, no hand-coloring. No lettering, captions, signatures or watermarks. Landscape 4:3 composition with the subject centered and readable at small size.",georgia_platform.png
nashville_convention,The Nashville Convention,Negative story,1850,lithograph,"southern delegates meeting in a Nashville hall, a large map of the territories on the wall","American lithograph, c. 1850, in the manner of a Currier or Sarony print: soft crayon-on-stone tone, smooth gradations from deep black to paper white, stippled grain, highlights scraped out of the stone, naturalistic drawing, the scene fading in a soft oval vignette into cream paper. Subject: southern delegates meeting in a Nashville hall, a large map of the territories on the wall. Monochrome black ink on cream paper, no color, no hand-coloring. No lettering, captions, signatures or watermarks. Landscape 4:3 composition with the subject centered and readable at small size.",nashville_convention.png
cheap_postage,The Cheap Postage Act,Media event,1851,lithograph,a country post office with a postmaster sorting bundles of weekly newspapers into pigeonholes,"American lithograph, c. 1851, in the manner of a Currier or Sarony print: soft crayon-on-stone tone, smooth gradations from deep black to paper white, stippled grain, highlights scraped out of the stone, naturalistic drawing, the scene fading in a soft oval vignette into cream paper. Subject: a country post office with a postmaster sorting bundles of weekly newspapers into pigeonholes. Monochrome black ink on cream paper, no color, no hand-coloring. No lettering, captions, signatures or watermarks. Landscape 4:3 composition with the subject centered and readable at small size.",cheap_postage.png
uncle_toms_cabin,Uncle Tom's Cabin,Social story,1852,lithograph,"a mother carrying her child across ice floes on a river at night, fleeing","American lithograph, c. 1852, in the manner of a Currier or Sarony print: soft crayon-on-stone tone, smooth gradations from deep black to paper white, stippled grain, highlights scraped out of the stone, naturalistic drawing, the scene fading in a soft oval vignette into cream paper. Subject: a mother carrying her child across ice floes on a river at night, fleeing. Depict every person with dignity and individual character, as a sympathetic period illustrator would; no caricature. Monochrome black ink on cream paper, no color, no hand-coloring. No lettering, captions, signatures or watermarks. Landscape 4:3 composition with the subject centered and readable at small size.",uncle_toms_cabin.png
transcontinental_railroad,The Pacific Railroad Surveys,Economic story,1853,lithograph,"surveyors with theodolites on a western plain, a steam locomotive drawn faintly in the distance","American lithograph, c. 1853, in the manner of a Currier or Sarony print: soft crayon-on-stone tone, smooth gradations from deep black to paper white, stippled grain, highlights scraped out of the stone, naturalistic drawing, the scene fading in a soft oval vignette into cream paper. Subject: surveyors with theodolites on a western plain, a steam locomotive drawn faintly in the distance. Monochrome black ink on cream paper, no color, no hand-coloring. No lettering, captions, signatures or watermarks. Landscape 4:3 composition with the subject centered and readable at small size.",transcontinental_railroad.png
gadsden_purchase,The Gadsden Purchase,Economic story,1854,lithograph,"a desert landscape with saguaro cactus and a surveyor's flag, a railroad grade traced across it","American lithograph, c. 1854, in the manner of a Currier or Sarony print: soft crayon-on-stone tone, smooth gradations from deep black to paper white, stippled grain, highlights scraped out of the stone, naturalistic drawing, the scene fading in a soft oval vignette into cream paper. Subject: a desert landscape with saguaro cactus and a surveyor's flag, a railroad grade traced across it. Monochrome black ink on cream paper, no color, no hand-coloring. No lettering, captions, signatures or watermarks. Landscape 4:3 composition with the subject centered and readable at small size.",gadsden_purchase.png
kansas_nebraska,The Kansas-Nebraska Act,Political story,1854,lithograph,"a prairie divided by a torn map line, settlers' cabins on both sides, a storm gathering","American lithograph, c. 1854, in the manner of a Currier or Sarony print: soft crayon-on-stone tone, smooth gradations from deep black to paper white, stippled grain, highlights scraped out of the stone, naturalistic drawing, the scene fading in a soft oval vignette into cream paper. Subject: a prairie divided by a torn map line, settlers' cabins on both sides, a storm gathering. Monochrome black ink on cream paper, no color, no hand-coloring. No lettering, captions, signatures or watermarks. Landscape 4:3 composition with the subject centered and readable at small size.",kansas_nebraska.png
ostend_manifesto,The Ostend Manifesto,Negative story,1854,lithograph,"three diplomats in a European parlor pointing at a map of Cuba, a fourth man peering through the door","American lithograph, c. 1854, in the manner of a Currier or Sarony print: soft crayon-on-stone tone, smooth gradations from deep black to paper white, stippled grain, highlights scraped out of the stone, naturalistic drawing, the scene fading in a soft oval vignette into cream paper. Subject: three diplomats in a European parlor pointing at a map of Cuba, a fourth man peering through the door. Monochrome black ink on cream paper, no color, no hand-coloring. No lettering, captions, signatures or watermarks. Landscape 4:3 composition with the subject centered and readable at small size.",ostend_manifesto.png
personal_liberty_laws,The Personal Liberty Laws,Social story,1855,lithograph,a northern courthouse where townspeople block the doors against a federal marshal,"American lithograph, c. 1855, in the manner of a Currier or Sarony print: soft crayon-on-stone tone, smooth gradations from deep black to paper white, stippled grain, highlights scraped out of the stone, naturalistic drawing, the scene fading in a soft oval vignette into cream paper. Subject: a northern courthouse where townspeople block the doors against a federal marshal. Monochrome black ink on cream paper, no color, no hand-coloring. No lettering, captions, signatures or watermarks. Landscape 4:3 composition with the subject centered and readable at small size.",personal_liberty_laws.png
bleeding_kansas,Bleeding Kansas,Negative story,1856,lithograph,"a burning frontier town, men with rifles in the street and smoke over the prairie","American lithograph, c. 1856, in the manner of a Currier or Sarony print: soft crayon-on-stone tone, smooth gradations from deep black to paper white, stippled grain, highlights scraped out of the stone, naturalistic drawing, the scene fading in a soft oval vignette into cream paper. Subject: a burning frontier town, men with rifles in the street and smoke over the prairie. Monochrome black ink on cream paper, no color, no hand-coloring. No lettering, captions, signatures or watermarks. Landscape 4:3 composition with the subject centered and readable at small size.",bleeding_kansas.png
sumner_caning,The Caning of Charles Sumner,Negative story,1856,lithograph,"a congressman beating a seated senator with a cane on the Senate floor, the senator trapped under his desk","American lithograph, c. 1856, in the manner of a Currier or Sarony print: soft crayon-on-stone tone, smooth gradations from deep black to paper white, stippled grain, highlights scraped out of the stone, naturalistic drawing, the scene fading in a soft oval vignette into cream paper. Subject: a congressman beating a seated senator with a cane on the Senate floor, the senator trapped under his desk. Monochrome black ink on cream paper, no color, no hand-coloring. No lettering, captions, signatures or watermarks. Landscape 4:3 composition with the subject centered and readable at small size.",sumner_caning.png
filibusters,The Filibusters,Negative story,1856,lithograph,a small band of armed adventurers wading ashore from a steamer onto a tropical beach under palm trees,"American lithograph, c. 1856, in the manner of a Currier or Sarony print: soft crayon-on-stone tone, smooth gradations from deep black to paper white, stippled grain, highlights scraped out of the stone, naturalistic drawing, the scene fading in a soft oval vignette into cream paper. Subject: a small band of armed adventurers wading ashore from a steamer onto a tropical beach under palm trees. Monochrome black ink on cream paper, no color, no hand-coloring. No lettering, captions, signatures or watermarks. Landscape 4:3 composition with the subject centered and readable at small size.",filibusters.png
dred_scott,Dred Scott v. Sandford,Economic story,1857,lithograph,a dignified Black man and his wife standing together on the steps of a St. Louis courthouse,"American lithograph, c. 1857, in the manner of a Currier or Sarony print: soft crayon-on-stone tone, smooth gradations from deep black to paper white, stippled grain, highlights scraped out of the stone, naturalistic drawing, the scene fading in a soft oval vignette into cream paper. Subject: a dignified Black man and his wife standing together on the steps of a St. Louis courthouse. Depict every person with dignity and individual character, as a sympathetic period illustrator would; no caricature. Monochrome black ink on cream paper, no color, no hand-coloring. No lettering, captions, signatures or watermarks. Landscape 4:3 composition with the subject centered and readable at small size.",dred_scott.png
lecompton_constitution,The Lecompton Constitution,Negative story,1857,lithograph,"a ballot box guarded by armed men in a frontier town, voters turned away","American lithograph, c. 1857, in the manner of a Currier or Sarony print: soft crayon-on-stone tone, smooth gradations from deep black to paper white, stippled grain, highlights scraped out of the stone, naturalistic drawing, the scene fading in a soft oval vignette into cream paper. Subject: a ballot box guarded by armed men in a frontier town, voters turned away. Monochrome black ink on cream paper, no color, no hand-coloring. No lettering, captions, signatures or watermarks. Landscape 4:3 composition with the subject centered and readable at small size.",lecompton_constitution.png
freeport_doctrine,The Freeport Doctrine,Political story,1858,lithograph,two politicians debating on a wooden platform in a small Illinois town square before a large crowd,"American lithograph, c. 1858, in the manner of a Currier or Sarony print: soft crayon-on-stone tone, smooth gradations from deep black to paper white, stippled grain, highlights scraped out of the stone, naturalistic drawing, the scene fading in a soft oval vignette into cream paper. Subject: two politicians debating on a wooden platform in a small Illinois town square before a large crowd. Monochrome black ink on cream paper, no color, no hand-coloring. No lettering, captions, signatures or watermarks. Landscape 4:3 composition with the subject centered and readable at small size.",freeport_doctrine.png
lincoln_douglas,The Lincoln-Douglas Debates,Political story,1858,lithograph,"a tall lanky man and a short stocky man debating on an outdoor platform before a huge crowd, reporters writing below","American lithograph, c. 1858, in the manner of a Currier or Sarony print: soft crayon-on-stone tone, smooth gradations from deep black to paper white, stippled grain, highlights scraped out of the stone, naturalistic drawing, the scene fading in a soft oval vignette into cream paper. Subject: a tall lanky man and a short stocky man debating on an outdoor platform before a huge crowd, reporters writing below. Monochrome black ink on cream paper, no color, no hand-coloring. No lettering, captions, signatures or watermarks. Landscape 4:3 composition with the subject centered and readable at small size.",lincoln_douglas.png
ableman_v_booth,Ableman v. Booth,Social story,1859,lithograph,"an editor addressing a crowd outside a Milwaukee jail, the courthouse dome behind","American lithograph, c. 1859, in the manner of a Currier or Sarony print: soft crayon-on-stone tone, smooth gradations from deep black to paper white, stippled grain, highlights scraped out of the stone, naturalistic drawing, the scene fading in a soft oval vignette into cream paper. Subject: an editor addressing a crowd outside a Milwaukee jail, the courthouse dome behind. Monochrome black ink on cream paper, no color, no hand-coloring. No lettering, captions, signatures or watermarks. Landscape 4:3 composition with the subject centered and readable at small size.",ableman_v_booth.png
john_browns_raid,John Brown at Harpers Ferry,Negative story,1859,lithograph,"a brick engine house under siege by marines at dawn, its doors being battered in","American lithograph, c. 1859, in the manner of a Currier or Sarony print: soft crayon-on-stone tone, smooth gradations from deep black to paper white, stippled grain, highlights scraped out of the stone, naturalistic drawing, the scene fading in a soft oval vignette into cream paper. Subject: a brick engine house under siege by marines at dawn, its doors being battered in. Monochrome black ink on cream paper, no color, no hand-coloring. No lettering, captions, signatures or watermarks. Landscape 4:3 composition with the subject centered and readable at small size.",john_browns_raid.png
1796-nation,The Federalist Administration (John Adams 1796),Election,1796,woodcut,"John Adams in a formal coat at a desk in Federal Hall, Washington's farewell address on the table before him","Early American newspaper woodcut, c. 1796. A crude hand-cut woodblock print: bold solid black masses, white-line cutting, coarse parallel gouge marks for sky, water and ground, flat naive perspective, uneven ink and press grain, black ink on cream rag paper, a heavy double-rule border, like a cut from a colonial broadside or almanac. Subject: John Adams in a formal coat at a desk in Federal Hall, Washington's farewell address on the table before him. Monochrome black ink on cream paper, no color, no hand-coloring. No lettering, captions, signatures or watermarks. Landscape 4:3 composition with the subject centered and readable at small size.",1796-nation.png
1796-states,The Republican Societies (Thomas Jefferson 1796),Election,1796,woodcut,"a Democratic-Republican society meeting in a tavern, mechanics toasting liberty, Thomas Jefferson's portrait on the wall","Early American newspaper woodcut, c. 1796. A crude hand-cut woodblock print: bold solid black masses, white-line cutting, coarse parallel gouge marks for sky, water and ground, flat naive perspective, uneven ink and press grain, black ink on cream rag paper, a heavy double-rule border, like a cut from a colonial broadside or almanac. Subject: a Democratic-Republican society meeting in a tavern, mechanics toasting liberty, Thomas Jefferson's portrait on the wall. Monochrome black ink on cream paper, no color, no hand-coloring. No lettering, captions, signatures or watermarks. Landscape 4:3 composition with the subject centered and readable at small size.",1796-states.png
1800-nation,The Alien and Sedition Acts (John Adams 1800),Election,1800,woodcut,John Adams signing papers as a marshal leads a printer away through the window behind him,"Early American newspaper woodcut, c. 1800. A crude hand-cut woodblock print: bold solid black masses, white-line cutting, coarse parallel gouge marks for sky, water and ground, flat naive perspective, uneven ink and press grain, black ink on cream rag paper, a heavy double-rule border, like a cut from a colonial broadside or almanac. Subject: John Adams signing papers as a marshal leads a printer away through the window behind him. Monochrome black ink on cream paper, no color, no hand-coloring. No lettering, captions, signatures or watermarks. Landscape 4:3 composition with the subject centered and readable at small size.",1800-nation.png
1800-states,The Revolution of 1800 (Thomas Jefferson 1800),Election,1800,woodcut,"Thomas Jefferson walking alone to his inauguration through the unfinished capital, crowds cheering","Early American newspaper woodcut, c. 1800. A crude hand-cut woodblock print: bold solid black masses, white-line cutting, coarse parallel gouge marks for sky, water and ground, flat naive perspective, uneven ink and press grain, black ink on cream rag paper, a heavy double-rule border, like a cut from a colonial broadside or almanac. Subject: Thomas Jefferson walking alone to his inauguration through the unfinished capital, crowds cheering. Monochrome black ink on cream paper, no color, no hand-coloring. No lettering, captions, signatures or watermarks. Landscape 4:3 composition with the subject centered and readable at small size.",1800-states.png
1804-nation,The Louisiana Purchase (Thomas Jefferson 1804),Election,1804,woodcut,"Thomas Jefferson studying a great map of the West, the Mississippi and New Orleans marked","Early American newspaper woodcut, c. 1804. A crude hand-cut woodblock print: bold solid black masses, white-line cutting, coarse parallel gouge marks for sky, water and ground, flat naive perspective, uneven ink and press grain, black ink on cream rag paper, a heavy double-rule border, like a cut from a colonial broadside or almanac. Subject: Thomas Jefferson studying a great map of the West, the Mississippi and New Orleans marked. Monochrome black ink on cream paper, no color, no hand-coloring. No lettering, captions, signatures or watermarks. Landscape 4:3 composition with the subject centered and readable at small size.",1804-nation.png
1804-states,Federalist Commerce (Charles C. Pinckney 1804),Election,1804,woodcut,Charles Cotesworth Pinckney on a busy Charleston wharf among merchant ships and cotton bales,"Early American newspaper woodcut, c. 1804. A crude hand-cut woodblock print: bold solid black masses, white-line cutting, coarse parallel gouge marks for sky, water and ground, flat naive perspective, uneven ink and press grain, black ink on cream rag paper, a heavy double-rule border, like a cut from a colonial broadside or almanac. Subject: Charles Cotesworth Pinckney on a busy Charleston wharf among merchant ships and cotton bales. Monochrome black ink on cream paper, no color, no hand-coloring. No lettering, captions, signatures or watermarks. Landscape 4:3 composition with the subject centered and readable at small size.",1804-states.png
1808-nation,The Embargo (James Madison 1808),Election,1808,woodcut,James Madison at a desk beneath a window showing empty ships idle in harbor,"Early American newspaper woodcut, c. 1808. A crude hand-cut woodblock print: bold solid black masses, white-line cutting, coarse parallel gouge marks for sky, water and ground, flat naive perspective, uneven ink and press grain, black ink on cream rag paper, a heavy double-rule border, like a cut from a colonial broadside or almanac. Subject: James Madison at a desk beneath a window showing empty ships idle in harbor. Monochrome black ink on cream paper, no color, no hand-coloring. No lettering, captions, signatures or watermarks. Landscape 4:3 composition with the subject centered and readable at small size.",1808-nation.png
1808-states,Free Trade and Sailors' Rights (Charles C. Pinckney 1808),Election,1808,woodcut,"Charles Cotesworth Pinckney beside a sailor with a banner, a merchant ship putting out to sea","Early American newspaper woodcut, c. 1808. A crude hand-cut woodblock print: bold solid black masses, white-line cutting, coarse parallel gouge marks for sky, water and ground, flat naive perspective, uneven ink and press grain, black ink on cream rag paper, a heavy double-rule border, like a cut from a colonial broadside or almanac. Subject: Charles Cotesworth Pinckney beside a sailor with a banner, a merchant ship putting out to sea. Monochrome black ink on cream paper, no color, no hand-coloring. No lettering, captions, signatures or watermarks. Landscape 4:3 composition with the subject centered and readable at small size.",1808-states.png
1812-nation,Mr. Madison's War (James Madison 1812),Election,1812,woodcut,James Madison reviewing troops before a burning capital at night,"Early American newspaper woodcut, c. 1812. A crude hand-cut woodblock print: bold solid black masses, white-line cutting, coarse parallel gouge marks for sky, water and ground, flat naive perspective, uneven ink and press grain, black ink on cream rag paper, a heavy double-rule border, like a cut from a colonial broadside or almanac. Subject: James Madison reviewing troops before a burning capital at night. Monochrome black ink on cream paper, no color, no hand-coloring. No lettering, captions, signatures or watermarks. Landscape 4:3 composition with the subject centered and readable at small size.",1812-nation.png
1812-states,The Peace Ticket (DeWitt Clinton 1812),Election,1812,woodcut,"DeWitt Clinton on a New York dock as merchants cheer, ships ready to sail in peace","Early American newspaper woodcut, c. 1812. A crude hand-cut woodblock print: bold solid black masses, white-line cutting, coarse parallel gouge marks for sky, water and ground, flat naive perspective, uneven ink and press grain, black ink on cream rag paper, a heavy double-rule border, like a cut from a colonial broadside or almanac. Subject: DeWitt Clinton on a New York dock as merchants cheer, ships ready to sail in peace. Monochrome black ink on cream paper, no color, no hand-coloring. No lettering, captions, signatures or watermarks. Landscape 4:3 composition with the subject centered and readable at small size.",1812-states.png
1816-nation,The Era of Good Feelings (James Monroe 1816),Election,1816,woodcut,James Monroe on horseback greeted by a cheering crowd on a goodwill tour of New England,"Early American newspaper woodcut, c. 1816. A crude hand-cut woodblock print: bold solid black masses, white-line cutting, coarse parallel gouge marks for sky, water and ground, flat naive perspective, uneven ink and press grain, black ink on cream rag paper, a heavy double-rule border, like a cut from a colonial broadside or almanac. Subject: James Monroe on horseback greeted by a cheering crowd on a goodwill tour of New England. Monochrome black ink on cream paper, no color, no hand-coloring. No lettering, captions, signatures or watermarks. Landscape 4:3 composition with the subject centered and readable at small size.",1816-nation.png
1816-states,The Last Federalist (Rufus King 1816),Election,1816,woodcut,"Rufus King, an elderly Federalist statesman, standing alone in an empty party hall","Early American newspaper woodcut, c. 1816. A crude hand-cut woodblock print: bold solid black masses, white-line cutting, coarse parallel gouge marks for sky, water and ground, flat naive perspective, uneven ink and press grain, black ink on cream rag paper, a heavy double-rule border, like a cut from a colonial broadside or almanac. Subject: Rufus King, an elderly Federalist statesman, standing alone in an empty party hall. Monochrome black ink on cream paper, no color, no hand-coloring. No lettering, captions, signatures or watermarks. Landscape 4:3 composition with the subject centered and readable at small size.",1816-states.png
1820-nation,An Antislavery Diary (John Quincy Adams 1820),Election,1820,wood engraving,"John Quincy Adams writing in his diary late at night by candlelight, a globe beside him","American wood engraving, c. 1820. A fine end-grain wood engraving as in a penny magazine or almanac of the 1820s and 1830s: crisp parallel lines and crosshatching for tone, careful detail, small figures, a thin rule border, black ink on off-white newsprint. Subject: John Quincy Adams writing in his diary late at night by candlelight, a globe beside him. Monochrome black ink on cream paper, no color, no hand-coloring. No lettering, captions, signatures or watermarks. Landscape 4:3 composition with the subject centered and readable at small size.",1820-nation.png
1820-states,The Missouri Compromise (James Monroe 1820),Election,1820,wood engraving,James Monroe signing a bill as congressmen draw a line across a map of the West,"American wood engraving, c. 1820. A fine end-grain wood engraving as in a penny magazine or almanac of the 1820s and 1830s: crisp parallel lines and crosshatching for tone, careful detail, small figures, a thin rule border, black ink on off-white newsprint. Subject: James Monroe signing a bill as congressmen draw a line across a map of the West. Monochrome black ink on cream paper, no color, no hand-coloring. No lettering, captions, signatures or watermarks. Landscape 4:3 composition with the subject centered and readable at small size.",1820-states.png
1824-nation,The Corrupt Bargain (John Quincy Adams 1824),Election,1824,wood engraving,"John Quincy Adams and Henry Clay shaking hands in a dim parlor, a third figure watching from the door","American wood engraving, c. 1824. A fine end-grain wood engraving as in a penny magazine or almanac of the 1820s and 1830s: crisp parallel lines and crosshatching for tone, careful detail, small figures, a thin rule border, black ink on off-white newsprint. Subject: John Quincy Adams and Henry Clay shaking hands in a dim parlor, a third figure watching from the door. Monochrome black ink on cream paper, no color, no hand-coloring. No lettering, captions, signatures or watermarks. Landscape 4:3 composition with the subject centered and readable at small size.",1824-nation.png
1824-states,The People's Choice (Andrew Jackson 1824),Election,1824,wood engraving,Andrew Jackson on horseback greeted by a vast cheering crowd of farmers and frontiersmen,"American wood engraving, c. 1824. A fine end-grain wood engraving as in a penny magazine or almanac of the 1820s and 1830s: crisp parallel lines and crosshatching for tone, careful detail, small figures, a thin rule border, black ink on off-white newsprint. Subject: Andrew Jackson on horseback greeted by a vast cheering crowd of farmers and frontiersmen. Monochrome black ink on cream paper, no color, no hand-coloring. No lettering, captions, signatures or watermarks. Landscape 4:3 composition with the subject centered and readable at small size.",1824-states.png
1828-nation,The American System (John Quincy Adams 1828),Election,1828,wood engraving,"John Quincy Adams standing beside a canal lock and a new road, symbols of internal improvement","American wood engraving, c. 1828. A fine end-grain wood engraving as in a penny magazine or almanac of the 1820s and 1830s: crisp parallel lines and crosshatching for tone, careful detail, small figures, a thin rule border, black ink on off-white newsprint. Subject: John Quincy Adams standing beside a canal lock and a new road, symbols of internal improvement. Monochrome black ink on cream paper, no color, no hand-coloring. No lettering, captions, signatures or watermarks. Landscape 4:3 composition with the subject centered and readable at small size.",1828-nation.png
1828-states,Jacksonian Democracy (Andrew Jackson 1828),Election,1828,wood engraving,crowds of ordinary people pouring into the White House for Andrew Jackson's inauguration,"American wood engraving, c. 1828. A fine end-grain wood engraving as in a penny magazine or almanac of the 1820s and 1830s: crisp parallel lines and crosshatching for tone, careful detail, small figures, a thin rule border, black ink on off-white newsprint. Subject: crowds of ordinary people pouring into the White House for Andrew Jackson's inauguration. Monochrome black ink on cream paper, no color, no hand-coloring. No lettering, captions, signatures or watermarks. Landscape 4:3 composition with the subject centered and readable at small size.",1828-states.png
1832-nation,The Bank Recharter (Henry Clay 1832),Election,1832,wood engraving,"Henry Clay addressing the Senate, a classical bank building drawn behind him","American wood engraving, c. 1832. A fine end-grain wood engraving as in a penny magazine or almanac of the 1820s and 1830s: crisp parallel lines and crosshatching for tone, careful detail, small figures, a thin rule border, black ink on off-white newsprint. Subject: Henry Clay addressing the Senate, a classical bank building drawn behind him. Monochrome black ink on cream paper, no color, no hand-coloring. No lettering, captions, signatures or watermarks. Landscape 4:3 composition with the subject centered and readable at small size.",1832-nation.png
1832-states,The Bank War (Andrew Jackson 1832),Election,1832,wood engraving,Andrew Jackson brandishing a veto before a toppling marble bank building,"American wood engraving, c. 1832. A fine end-grain wood engraving as in a penny magazine or almanac of the 1820s and 1830s: crisp parallel lines and crosshatching for tone, careful detail, small figures, a thin rule border, black ink on off-white newsprint. Subject: Andrew Jackson brandishing a veto before a toppling marble bank building. Monochrome black ink on cream paper, no color, no hand-coloring. No lettering, captions, signatures or watermarks. Landscape 4:3 composition with the subject centered and readable at small size.",1832-states.png
1836-nation,The Whig Coalition (William Henry Harrison 1836),Election,1836,lithograph,William Henry Harrison in a frontier coat at the head of a regional Whig rally,"American lithograph, c. 1836, in the manner of a Currier or Sarony print: soft crayon-on-stone tone, smooth gradations from deep black to paper white, stippled grain, highlights scraped out of the stone, naturalistic drawing, the scene fading in a soft oval vignette into cream paper. Subject: William Henry Harrison in a frontier coat at the head of a regional Whig rally. Monochrome black ink on cream paper, no color, no hand-coloring. No lettering, captions, signatures or watermarks. Landscape 4:3 composition with the subject centered and readable at small size.",1836-nation.png
1836-states,The Specie Circular (Martin Van Buren 1836),Election,1836,lithograph,Martin Van Buren in a fine coat counting gold coins at a treasury counter,"American lithograph, c. 1836, in the manner of a Currier or Sarony print: soft crayon-on-stone tone, smooth gradations from deep black to paper white, stippled grain, highlights scraped out of the stone, naturalistic drawing, the scene fading in a soft oval vignette into cream paper. Subject: Martin Van Buren in a fine coat counting gold coins at a treasury counter. Monochrome black ink on cream paper, no color, no hand-coloring. No lettering, captions, signatures or watermarks. Landscape 4:3 composition with the subject centered and readable at small size.",1836-states.png
1840-nation,Log Cabin and Hard Cider (William Henry Harrison 1840),Election,1840,lithograph,"William Henry Harrison at the door of a log cabin with a cider barrel, a parade with banners passing","American lithograph, c. 1840, in the manner of a Currier or Sarony print: soft crayon-on-stone tone, smooth gradations from deep black to paper white, stippled grain, highlights scraped out of the stone, naturalistic drawing, the scene fading in a soft oval vignette into cream paper. Subject: William Henry Harrison at the door of a log cabin with a cider barrel, a parade with banners passing. Monochrome black ink on cream paper, no color, no hand-coloring. No lettering, captions, signatures or watermarks. Landscape 4:3 composition with the subject centered and readable at small size.",1840-nation.png
1840-states,The Independent Treasury (Martin Van Buren 1840),Election,1840,lithograph,"Martin Van Buren beside a strongbox in a vault, an independent treasury, guards at the door","American lithograph, c. 1840, in the manner of a Currier or Sarony print: soft crayon-on-stone tone, smooth gradations from deep black to paper white, stippled grain, highlights scraped out of the stone, naturalistic drawing, the scene fading in a soft oval vignette into cream paper. Subject: Martin Van Buren beside a strongbox in a vault, an independent treasury, guards at the door. Monochrome black ink on cream paper, no color, no hand-coloring. No lettering, captions, signatures or watermarks. Landscape 4:3 composition with the subject centered and readable at small size.",1840-states.png
1844-nation,The Raleigh Letter (Henry Clay 1844),Election,1844,lithograph,"Henry Clay at a writing desk drafting a letter, a map of Texas on the wall behind him","American lithograph, c. 1844, in the manner of a Currier or Sarony print: soft crayon-on-stone tone, smooth gradations from deep black to paper white, stippled grain, highlights scraped out of the stone, naturalistic drawing, the scene fading in a soft oval vignette into cream paper. Subject: Henry Clay at a writing desk drafting a letter, a map of Texas on the wall behind him. Monochrome black ink on cream paper, no color, no hand-coloring. No lettering, captions, signatures or watermarks. Landscape 4:3 composition with the subject centered and readable at small size.",1844-nation.png
1844-states,Manifest Destiny (James K. Polk 1844),Election,1844,lithograph,James K. Polk pointing west across a map of the continent to the Pacific,"American lithograph, c. 1844, in the manner of a Currier or Sarony print: soft crayon-on-stone tone, smooth gradations from deep black to paper white, stippled grain, highlights scraped out of the stone, naturalistic drawing, the scene fading in a soft oval vignette into cream paper. Subject: James K. Polk pointing west across a map of the continent to the Pacific. Monochrome black ink on cream paper, no color, no hand-coloring. No lettering, captions, signatures or watermarks. Landscape 4:3 composition with the subject centered and readable at small size.",1844-states.png
1848-nation,Old Rough and Ready (Zachary Taylor 1848),Election,1848,lithograph,"Zachary Taylor in a plain coat and straw hat on his old warhorse, a military camp behind","American lithograph, c. 1848, in the manner of a Currier or Sarony print: soft crayon-on-stone tone, smooth gradations from deep black to paper white, stippled grain, highlights scraped out of the stone, naturalistic drawing, the scene fading in a soft oval vignette into cream paper. Subject: Zachary Taylor in a plain coat and straw hat on his old warhorse, a military camp behind. Monochrome black ink on cream paper, no color, no hand-coloring. No lettering, captions, signatures or watermarks. Landscape 4:3 composition with the subject centered and readable at small size.",1848-nation.png
1848-states,Popular Sovereignty (Lewis Cass 1848),Election,1848,lithograph,"Lewis Cass addressing settlers on a western prairie, each family at its own ballot box","American lithograph, c. 1848, in the manner of a Currier or Sarony print: soft crayon-on-stone tone, smooth gradations from deep black to paper white, stippled grain, highlights scraped out of the stone, naturalistic drawing, the scene fading in a soft oval vignette into cream paper. Subject: Lewis Cass addressing settlers on a western prairie, each family at its own ballot box. Monochrome black ink on cream paper, no color, no hand-coloring. No lettering, captions, signatures or watermarks. Landscape 4:3 composition with the subject centered and readable at small size.",1848-states.png
1852-nation,Old Fuss and Feathers (Winfield Scott 1852),Election,1852,lithograph,"Winfield Scott in full dress uniform with plumed hat, reviewing troops","American lithograph, c. 1852, in the manner of a Currier or Sarony print: soft crayon-on-stone tone, smooth gradations from deep black to paper white, stippled grain, highlights scraped out of the stone, naturalistic drawing, the scene fading in a soft oval vignette into cream paper. Subject: Winfield Scott in full dress uniform with plumed hat, reviewing troops. Monochrome black ink on cream paper, no color, no hand-coloring. No lettering, captions, signatures or watermarks. Landscape 4:3 composition with the subject centered and readable at small size.",1852-nation.png
1852-states,The Compromise of 1850 (Franklin Pierce 1852),Election,1852,lithograph,Franklin Pierce taking the oath of office in falling snow before the Capitol,"American lithograph, c. 1852, in the manner of a Currier or Sarony print: soft crayon-on-stone tone, smooth gradations from deep black to paper white, stippled grain, highlights scraped out of the stone, naturalistic drawing, the scene fading in a soft oval vignette into cream paper. Subject: Franklin Pierce taking the oath of office in falling snow before the Capitol. Monochrome black ink on cream paper, no color, no hand-coloring. No lettering, captions, signatures or watermarks. Landscape 4:3 composition with the subject centered and readable at small size.",1852-states.png
1856-nation,"Free Soil, Free Men, Fremont (John C. Fremont 1856)",Election,1856,lithograph,"John C. Fremont on a mountain peak in the Rockies raising a flag, his expedition below","American lithograph, c. 1856, in the manner of a Currier or Sarony print: soft crayon-on-stone tone, smooth gradations from deep black to paper white, stippled grain, highlights scraped out of the stone, naturalistic drawing, the scene fading in a soft oval vignette into cream paper. Subject: John C. Fremont on a mountain peak in the Rockies raising a flag, his expedition below. Monochrome black ink on cream paper, no color, no hand-coloring. No lettering, captions, signatures or watermarks. Landscape 4:3 composition with the subject centered and readable at small size.",1856-nation.png
1856-states,Bleeding Kansas (James Buchanan 1856),Election,1856,lithograph,James Buchanan at a desk as the Kansas prairie burns in the window behind him,"American lithograph, c. 1856, in the manner of a Currier or Sarony print: soft crayon-on-stone tone, smooth gradations from deep black to paper white, stippled grain, highlights scraped out of the stone, naturalistic drawing, the scene fading in a soft oval vignette into cream paper. Subject: James Buchanan at a desk as the Kansas prairie burns in the window behind him. Monochrome black ink on cream paper, no color, no hand-coloring. No lettering, captions, signatures or watermarks. Landscape 4:3 composition with the subject centered and readable at small size.",1856-states.png
1860-nation,A House Divided (Abraham Lincoln 1860),Election,1860,lithograph,"Abraham Lincoln standing tall in a dark coat, a rail fence and the unfinished Capitol dome behind him","American lithograph, c. 1860, in the manner of a Currier or Sarony print: soft crayon-on-stone tone, smooth gradations from deep black to paper white, stippled grain, highlights scraped out of the stone, naturalistic drawing, the scene fading in a soft oval vignette into cream paper. Subject: Abraham Lincoln standing tall in a dark coat, a rail fence and the unfinished Capitol dome behind him. Monochrome black ink on cream paper, no color, no hand-coloring. No lettering, captions, signatures or watermarks. Landscape 4:3 composition with the subject centered and readable at small size.",1860-nation.png
1860-states,The Little Giant (Stephen A. Douglas 1860),Election,1860,lithograph,"Stephen A. Douglas, short and stocky, speaking from a railway car platform to a crowd","American lithograph, c. 1860, in the manner of a Currier or Sarony print: soft crayon-on-stone tone, smooth gradations from deep black to paper white, stippled grain, highlights scraped out of the stone, naturalistic drawing, the scene fading in a soft oval vignette into cream paper. Subject: Stephen A. Douglas, short and stocky, speaking from a railway car platform to a crowd. Monochrome black ink on cream paper, no color, no hand-coloring. No lettering, captions, signatures or watermarks. Landscape 4:3 composition with the subject centered and readable at small size.",1860-states.png
